0,42,dublin,SMITHFIELD NORTH,Smithfield North,"{'lat': 53.349562, 'lng': -6.278198}",True,False,30,14,16,OPEN,1584832502000
1,30,dublin,PARNELL SQUARE NORTH,Parnell Square North,"{'lat': 53.353462, 'lng': -6.265305}",True,False,20,11,9,OPEN,1584832285000
2,54,dublin,CLONMEL STREET,Clonmel Street,"{'lat': 53.336021, 'lng': -6.26298}",False,False,33,27,6,OPEN,1584832479000
3,108,dublin,AVONDALE ROAD,Avondale Road,"{'lat': 53.359405, 'lng': -6.276142}",False,False,40,19,21,OPEN,1584832504000
4,56,dublin,MOUNT STREET LOWER,Mount Street Lower,"{'lat': 53.33796, 'lng': -6.24153}",False,False,40,22,18,OPEN,1584832697000
5,6,dublin,CHRISTCHURCH PLACE,Christchurch Place,"{'lat': 53.343368, 'lng': -6.27012}",False,False,20,17,3,OPEN,1584832467000
6,18,dublin,GRANTHAM STREET,Grantham Street,"{'lat': 53.334123, 'lng': -6.265436}",True,False,30,19,11,OPEN,1584832219000
7,32,dublin,PEARSE STREET,Pearse Street,"{'lat': 53.344304, 'lng': -6.250427}",True,False,30,21,9,OPEN,1584832293000
8,52,dublin,YORK STREET EAST,York Street East,"{'lat': 53.338755, 'lng': -6.262003}",False,False,32,27,5,OPEN,1584832481000
9,48,dublin,EXCISE WALK,Excise Walk,"{'lat': 53.347777, 'lng': -6.244239}",False,False,40,23,17,OPEN,1584832686000
10,13,dublin,FITZWILLIAM SQUARE WEST,Fitzwilliam Square West,"{'lat': 53.336073999999996, 'lng': -6.252825}",False,False,30,23,7,OPEN,1584832332000
11,43,dublin,PORTOBELLO ROAD,Portobello Road,"{'lat': 53.330091, 'lng': -6.268044}",True,False,30,16,14,OPEN,1584832319000
12,81,dublin,ST. JAMES HOSPITAL (CENTRAL),St. James Hospital (Central),"{'lat': 53.339983, 'lng': -6.295594}",False,False,40,18,22,OPEN,1584832381000
13,31,dublin,PARNELL STREET,Parnell Street,"{'lat': 53.350929, 'lng': -6.265125}",False,False,20,17,3,OPEN,1584832482000
14,98,dublin,FREDERICK STREET SOUTH,Frederick Street South,"{'lat': 53.341515, 'lng': -6.2568529999999996}",True,False,40,31,9,OPEN,1584832595000
15,23,dublin,CUSTOM HOUSE,Custom House,"{'lat': 53.348279, 'lng': -6.254662}",True,False,30,28,2,OPEN,1584832751000
16,106,dublin,RATHDOWN ROAD,Rathdown Road,"{'lat': 53.35893, 'lng': -6.280337}",False,False,40,25,15,OPEN,1584832344000
17,112,dublin,NORTH CIRCULAR ROAD (O'CONNELL'S),North Circular Road (O'Connell's),"{'lat': 53.357841, 'lng': -6.251557}",False,False,30,0,30,OPEN,1584832231000
18,68,dublin,HANOVER QUAY,Hanover Quay,"{'lat': 53.344115, 'lng': -6.237153}",True,False,40,21,19,OPEN,1584832537000
19,74,dublin,OLIVER BOND STREET,Oliver Bond Street,"{'lat': 53.343893, 'lng': -6.280531}",False,False,30,7,23,OPEN,1584832295000
20,87,dublin,COLLINS BARRACKS MUSEUM,Collins Barracks Museum,"{'lat': 53.347477, 'lng': -6.28525}",True,False,38,22,16,OPEN,1584832512000
21,84,dublin,BROOKFIELD ROAD,Brookfield Road,"{'lat': 53.339005, 'lng': -6.300217}",False,False,30,17,13,OPEN,1584832775000
22,90,dublin,BENSON STREET,Benson Street,"{'lat': 53.344153, 'lng': -6.233451}",False,False,40,36,4,OPEN,1584832706000
23,11,dublin,EARLSFORT TERRACE,Earlsfort Terrace,"{'lat': 53.334019, 'lng': -6.258371}",False,False,30,19,11,OPEN,1584832748000
24,17,dublin,GOLDEN LANE,Golden Lane,"{'lat': 53.340803, 'lng': -6.267732}",False,False,20,14,6,OPEN,1584832645000
25,45,dublin,DEVERELL PLACE,Deverell Place,"{'lat': 53.351464, 'lng': -6.255265}",False,False,30,21,9,OPEN,1584832641000
26,114,dublin,WILTON TERRACE (PARK),Wilton Terrace (Park),"{'lat': 53.333653, 'lng': -6.248345}",True,False,40,34,6,OPEN,1584832539000
27,72,dublin,JOHN STREET WEST,John Street West,"{'lat': 53.343105, 'lng': -6.277167}",False,False,31,16,15,OPEN,1584832674000
28,63,dublin,FENIAN STREET,Fenian Street,"{'lat': 53.341428, 'lng': -6.24672}",False,False,35,19,16,OPEN,1584832321000
29,113,dublin,MERRION SQUARE SOUTH,Merrion Square South,"{'lat': 53.338614, 'lng': -6.248606}",True,False,40,36,4,OPEN,1584832258000
30,91,dublin,SOUTH DOCK ROAD,South Dock Road,"{'lat': 53.341833, 'lng': -6.231291}",False,False,30,20,10,OPEN,1584832258000
31,99,dublin,CITY QUAY,City Quay,"{'lat': 53.346637, 'lng': -6.246154}",False,False,30,27,3,OPEN,1584832487000
32,9,dublin,EXCHEQUER STREET,Exchequer Street,"{'lat': 53.343034, 'lng': -6.263578}",False,False,24,16,8,OPEN,1584832419000
33,67,dublin,THE POINT,The Point,"{'lat': 53.346867, 'lng': -6.230852}",False,False,40,22,18,OPEN,1584832374000
34,116,dublin,BROADSTONE,Broadstone,"{'lat': 53.3547, 'lng': -6.272314}",True,False,30,20,10,OPEN,1584832620000
35,55,dublin,HATCH STREET,Hatch Street,"{'lat': 53.33403, 'lng': -6.260714}",False,False,36,33,3,OPEN,1584832725000
36,62,dublin,LIME STREET,Lime Street,"{'lat': 53.346026, 'lng': -6.243576}",False,False,40,35,5,OPEN,1584832420000
37,5,dublin,CHARLEMONT PLACE,Charlemont Street,"{'lat': 53.330662, 'lng': -6.260177}",False,False,40,21,19,OPEN,1584832666000
38,97,dublin,KILMAINHAM GAOL,Kilmainham Gaol,"{'lat': 53.342113, 'lng': -6.310015}",True,False,40,23,17,OPEN,1584832771000
39,61,dublin,HARDWICKE PLACE,Hardwicke Place,"{'lat': 53.357043, 'lng': -6.263232}",True,False,25,7,18,OPEN,1584832453000
40,77,dublin,WOLFE TONE STREET,Wolfe Tone Street,"{'lat': 53.348875, 'lng': -6.267459}",False,False,29,20,9,OPEN,1584832384000
41,73,dublin,FRANCIS STREET,Francis Street,"{'lat': 53.342081, 'lng': -6.275233}",False,False,30,9,21,OPEN,1584832750000
42,4,dublin,GREEK STREET,Greek Street,"{'lat': 53.346874, 'lng': -6.272976}",False,False,20,9,11,OPEN,1584832795000
43,49,dublin,GUILD STREET,Guild Street,"{'lat': 53.347932, 'lng': -6.240928}",False,False,40,39,1,OPEN,1584832470000
44,19,dublin,HERBERT PLACE,Herbert Place,"{'lat': 53.334432, 'lng': -6.245575}",False,False,30,16,14,OPEN,1584832681000
45,7,dublin,HIGH STREET,High Street,"{'lat': 53.343565, 'lng': -6.275071}",True,False,29,2,27,OPEN,1584832235000
46,102,dublin,WESTERN WAY,Western Way,"{'lat': 53.354929, 'lng': -6.269425}",False,False,40,28,12,OPEN,1584832769000
47,38,dublin,TALBOT STREET,Talbot Street,"{'lat': 53.350974, 'lng': -6.25294}",False,False,40,17,23,OPEN,1584832296000
48,53,dublin,NEWMAN HOUSE,Newman House,"{'lat': 53.337132, 'lng': -6.26059}",False,False,40,33,7,OPEN,1584832571000
49,58,dublin,SIR PATRICK DUN'S,Sir Patrick's Dun,"{'lat': 53.339218, 'lng': -6.240642}",True,False,40,27,13,OPEN,1584832365000
50,66,dublin,NEW CENTRAL BANK,New Central Bank,"{'lat': 53.347122, 'lng': -6.234749}",False,False,40,32,8,OPEN,1584832549000
51,104,dublin,GRANGEGORMAN LOWER (CENTRAL),Grangegorman Lower (Central),"{'lat': 53.355173, 'lng': -6.278424}",True,False,40,35,5,OPEN,1584832256000
52,101,dublin,KING STREET NORTH,King Street North,"{'lat': 53.350291, 'lng': -6.273507}",False,False,30,20,10,OPEN,1584832357000
53,115,dublin,KILLARNEY STREET,Killarney Street,"{'lat': 53.354845, 'lng': -6.247579}",False,False,30,10,20,OPEN,1584832693000
54,47,dublin,HERBERT STREET,Herbert Street,"{'lat': 53.335742, 'lng': -6.24551}",False,False,40,34,6,OPEN,1584832737000
55,117,dublin,HANOVER QUAY EAST,Hanover Quay East,"{'lat': 53.343653, 'lng': -6.231755}",False,False,40,30,10,OPEN,1584832603000
56,8,dublin,CUSTOM HOUSE QUAY,Custom House Quay,"{'lat': 53.347884, 'lng': -6.248048}",False,False,30,25,5,OPEN,1584832765000
57,27,dublin,MOLESWORTH STREET,Molesworth Street,"{'lat': 53.341288, 'lng': -6.258117}",False,False,20,10,10,OPEN,1584832293000
58,16,dublin,GEORGES QUAY,Georges Quay,"{'lat': 53.347508, 'lng': -6.252192}",False,False,20,18,2,OPEN,1584832549000
59,96,dublin,KILMAINHAM LANE,Kilmainham Lane,"{'lat': 53.341805, 'lng': -6.305085}",False,False,30,6,24,OPEN,1584832401000
60,82,dublin,MOUNT BROWN,Mount Brown,"{'lat': 53.341645, 'lng': -6.29719}",False,False,22,9,13,OPEN,1584832608000
61,76,dublin,MARKET STREET SOUTH,Market Street South,"{'lat': 53.342296, 'lng': -6.287661}",False,False,38,19,19,OPEN,1584832374000
62,71,dublin,KEVIN STREET,Kevin Street,"{'lat': 53.337757, 'lng': -6.267699}",True,False,40,22,18,OPEN,1584832356000
63,79,dublin,ECCLES STREET EAST,Eccles Street East,"{'lat': 53.358115, 'lng': -6.265601}",False,False,27,13,14,OPEN,1584832280000
64,69,dublin,GRAND CANAL DOCK,Grand Canal Dock,"{'lat': 53.342638, 'lng': -6.238695}",False,False,40,23,17,OPEN,1584832205000
65,25,dublin,MERRION SQUARE EAST,Merrion Square East,"{'lat': 53.339434, 'lng': -6.246548}",False,False,30,23,7,OPEN,1584832623000
66,51,dublin,YORK STREET WEST,York Street West,"{'lat': 53.339334, 'lng': -6.264699}",False,False,40,33,7,OPEN,1584832513000
67,37,dublin,ST. STEPHEN'S GREEN SOUTH,St. Stephen's Green South,"{'lat': 53.337494, 'lng': -6.26199}",True,False,30,19,11,OPEN,1584832771000
68,59,dublin,DENMARK STREET GREAT,Denmark Street Great,"{'lat': 53.35561, 'lng': -6.261397}",False,False,20,15,5,OPEN,1584832615000
69,95,dublin,ROYAL HOSPITAL,Royal Hospital,"{'lat': 53.343897, 'lng': -6.29706}",True,False,40,12,28,OPEN,1584832627000
70,94,dublin,HEUSTON STATION (CAR PARK),Heuston Station (Car Park),"{'lat': 53.346985, 'lng': -6.297804}",False,False,40,19,21,OPEN,1584832655000
71,105,dublin,GRANGEGORMAN LOWER (NORTH),Grangegorman Lower (North),"{'lat': 53.355954, 'lng': -6.278378}",False,False,36,29,7,OPEN,1584832585000
72,36,dublin,ST. STEPHEN'S GREEN EAST,St. Stephen's Green East,"{'lat': 53.337824, 'lng': -6.256035}",True,False,40,26,14,OPEN,1584832647000
73,93,dublin,HEUSTON STATION (CENTRAL),Heuston Station (Central),"{'lat': 53.346603, 'lng': -6.296924}",False,False,40,26,14,OPEN,1584832430000
74,22,dublin,TOWNSEND STREET,Townsend Street,"{'lat': 53.345922, 'lng': -6.254614}",False,False,20,11,9,OPEN,1584832518000
75,50,dublin,GEORGES LANE,George's Lane,"{'lat': 53.35023, 'lng': -6.279696}",False,False,40,20,20,OPEN,1584832394000
76,110,dublin,PHIBSBOROUGH ROAD,Phibsborough Road,"{'lat': 53.356307, 'lng': -6.2737169999999995}",False,False,40,33,7,OPEN,1584832421000
77,12,dublin,ECCLES STREET,Eccles Street,"{'lat': 53.359246, 'lng': -6.269779}",False,False,20,6,14,OPEN,1584832754000
78,34,dublin,PORTOBELLO HARBOUR,Portobello Harbour,"{'lat': 53.330362, 'lng': -6.265163}",False,False,30,10,20,OPEN,1584832669000
79,78,dublin,MATER HOSPITAL,Mater Hospital,"{'lat': 53.359967, 'lng': -6.264828}",False,False,40,4,36,OPEN,1584832335000
80,2,dublin,BLESSINGTON STREET,Blessington Street,"{'lat': 53.356769, 'lng': -6.26814}",True,False,20,10,10,OPEN,1584832643000
81,75,dublin,JAMES STREET,James Street,"{'lat': 53.343456, 'lng': -6.287409}",True,False,40,22,18,OPEN,1584832359000
82,111,dublin,MOUNTJOY SQUARE EAST,Mountjoy Square East,"{'lat': 53.356717, 'lng': -6.256359}",True,False,40,10,30,OPEN,1584832293000
83,26,dublin,MERRION SQUARE WEST,Merrion Square West,"{'lat': 53.339764, 'lng': -6.251988}",True,False,20,13,7,OPEN,1584832368000
84,65,dublin,CONVENTION CENTRE,Convention Centre,"{'lat': 53.34744, 'lng': -6.238523}",True,False,40,29,11,OPEN,1584832692000
85,15,dublin,HARDWICKE STREET,Hardwicke Street,"{'lat': 53.355473, 'lng': -6.264423}",False,False,16,7,9,OPEN,1584832685000
86,86,dublin,PARKGATE STREET,Parkgate Street,"{'lat': 53.347972, 'lng': -6.291804}",True,False,38,33,5,OPEN,1584832438000
87,10,dublin,DAME STREET,Dame Street,"{'lat': 53.344007, 'lng': -6.266802}",True,False,16,2,14,OPEN,1584832779000
88,100,dublin,HEUSTON BRIDGE (SOUTH),Heuston Bridge (South),"{'lat': 53.347106, 'lng': -6.292041}",False,False,25,9,16,OPEN,1584832244000
89,24,dublin,CATHAL BRUGHA STREET,Cathal Brugha Street,"{'lat': 53.352149, 'lng': -6.260533}",False,False,20,17,3,OPEN,1584832623000
90,64,dublin,SANDWITH STREET,Sandwith Street,"{'lat': 53.345203, 'lng': -6.247163}",True,False,40,27,13,OPEN,1584832679000
91,109,dublin,BUCKINGHAM STREET LOWER,Buckingham Street Lower,"{'lat': 53.353331, 'lng': -6.249319}",False,False,29,22,7,OPEN,1584832343000
92,85,dublin,ROTHE ABBEY,Rothe Abbey,"{'lat': 53.338776, 'lng': -6.30395}",True,False,35,8,27,OPEN,1584832221000
93,107,dublin,CHARLEVILLE ROAD,Charleville Road,"{'lat': 53.359157, 'lng': -6.281866}",True,False,40,19,21,OPEN,1584832777000
94,33,dublin,PRINCES STREET / O'CONNELL STREET,Princes Street / O'Connell Street,"{'lat': 53.349013, 'lng': -6.260311}",True,False,23,12,11,OPEN,1584832518000
95,44,dublin,UPPER SHERRARD STREET,Upper Sherrard Street,"{'lat': 53.358437, 'lng': -6.260641}",False,False,30,14,16,OPEN,1584832317000
96,89,dublin,FITZWILLIAM SQUARE EAST,Fitzwilliam Square East,"{'lat': 53.335211, 'lng': -6.2509}",True,False,40,30,10,OPEN,1584832411000
97,57,dublin,GRATTAN STREET,Grattan Street,"{'lat': 53.339629, 'lng': -6.243778}",False,False,23,17,6,OPEN,1584832468000
98,80,dublin,ST JAMES HOSPITAL (LUAS),St James Hospital (Luas),"{'lat': 53.341359, 'lng': -6.292951}",False,False,40,29,11,OPEN,1584832404000
99,41,dublin,HARCOURT TERRACE,Harcourt Terrace,"{'lat': 53.332763, 'lng': -6.257942}",False,False,20,11,9,OPEN,1584832466000
100,3,dublin,BOLTON STREET,Bolton Street,"{'lat': 53.351182, 'lng': -6.269859}",False,False,20,20,0,OPEN,1584832743000
101,40,dublin,JERVIS STREET,Jervis Street,"{'lat': 53.3483, 'lng': -6.2666509999999995}",True,False,21,18,3,OPEN,1584832745000
102,29,dublin,ORMOND QUAY UPPER,Ormond Quay Upper,"{'lat': 53.346057, 'lng': -6.268001}",True,False,29,10,19,OPEN,1584832297000
103,103,dublin,GRANGEGORMAN LOWER (SOUTH),Grangegorman Lower (South),"{'lat': 53.354663, 'lng': -6.278681}",False,False,40,26,14,OPEN,1584832384000
104,28,dublin,MOUNTJOY SQUARE WEST,Mountjoy Square West,"{'lat': 53.356299, 'lng': -6.258586}",False,False,30,5,25,OPEN,1584832648000
105,39,dublin,WILTON TERRACE,Wilton Terrace,"{'lat': 53.332383, 'lng': -6.252717}",True,False,20,14,6,OPEN,1584832450000
106,83,dublin,EMMET ROAD,Emmet Road,"{'lat': 53.340714, 'lng': -6.308191}",False,False,40,27,13,OPEN,1584832603000
107,92,dublin,HEUSTON BRIDGE (NORTH),Heuston Bridge (North),"{'lat': 53.347802, 'lng': -6.292432}",False,False,40,16,24,OPEN,1584832722000
108,21,dublin,LEINSTER STREET SOUTH,Leinster Street South,"{'lat': 53.34218, 'lng': -6.254485}",False,False,30,26,4,OPEN,1584832263000
109,88,dublin,BLACKHALL PLACE,Blackhall Place,"{'lat': 53.3488, 'lng': -6.281637}",False,False,30,18,12,OPEN,1584832379000
0,42,dublin,SMITHFIELD NORTH,Smithfield North,"{'lat': 53.349562, 'lng': -6.278198}",True,False,30,14,16,OPEN,1584832502000
1,30,dublin,PARNELL SQUARE NORTH,Parnell Square North,"{'lat': 53.353462, 'lng': -6.265305}",True,False,20,11,9,OPEN,1584832285000
2,54,dublin,CLONMEL STREET,Clonmel Street,"{'lat': 53.336021, 'lng': -6.26298}",False,False,33,27,6,OPEN,1584832479000
3,108,dublin,AVONDALE ROAD,Avondale Road,"{'lat': 53.359405, 'lng': -6.276142}",False,False,40,19,21,OPEN,1584832504000
4,56,dublin,MOUNT STREET LOWER,Mount Street Lower,"{'lat': 53.33796, 'lng': -6.24153}",False,False,40,22,18,OPEN,1584832697000
5,6,dublin,CHRISTCHURCH PLACE,Christchurch Place,"{'lat': 53.343368, 'lng': -6.27012}",False,False,20,17,3,OPEN,1584832467000
6,18,dublin,GRANTHAM STREET,Grantham Street,"{'lat': 53.334123, 'lng': -6.265436}",True,False,30,19,11,OPEN,1584832219000
7,32,dublin,PEARSE STREET,Pearse Street,"{'lat': 53.344304, 'lng': -6.250427}",True,False,30,21,9,OPEN,1584832293000
8,52,dublin,YORK STREET EAST,York Street East,"{'lat': 53.338755, 'lng': -6.262003}",False,False,32,27,5,OPEN,1584832481000
9,48,dublin,EXCISE WALK,Excise Walk,"{'lat': 53.347777, 'lng': -6.244239}",False,False,40,23,17,OPEN,1584832686000
10,13,dublin,FITZWILLIAM SQUARE WEST,Fitzwilliam Square West,"{'lat': 53.336073999999996, 'lng': -6.252825}",False,False,30,23,7,OPEN,1584832332000
11,43,dublin,PORTOBELLO ROAD,Portobello Road,"{'lat': 53.330091, 'lng': -6.268044}",True,False,30,16,14,OPEN,1584832319000
12,81,dublin,ST. JAMES HOSPITAL (CENTRAL),St. James Hospital (Central),"{'lat': 53.339983, 'lng': -6.295594}",False,False,40,18,22,OPEN,1584832381000
13,31,dublin,PARNELL STREET,Parnell Street,"{'lat': 53.350929, 'lng': -6.265125}",False,False,20,17,3,OPEN,1584832482000
14,98,dublin,FREDERICK STREET SOUTH,Frederick Street South,"{'lat': 53.341515, 'lng': -6.2568529999999996}",True,False,40,31,9,OPEN,1584832595000
15,23,dublin,CUSTOM HOUSE,Custom House,"{'lat': 53.348279, 'lng': -6.254662}",True,False,30,28,2,OPEN,1584832751000
16,106,dublin,RATHDOWN ROAD,Rathdown Road,"{'lat': 53.35893, 'lng': -6.280337}",False,False,40,25,15,OPEN,1584832344000
17,112,dublin,NORTH CIRCULAR ROAD (O'CONNELL'S),North Circular Road (O'Connell's),"{'lat': 53.357841, 'lng': -6.251557}",False,False,30,0,30,OPEN,1584832231000
18,68,dublin,HANOVER QUAY,Hanover Quay,"{'lat': 53.344115, 'lng': -6.237153}",True,False,40,21,19,OPEN,1584832537000
19,74,dublin,OLIVER BOND STREET,Oliver Bond Street,"{'lat': 53.343893, 'lng': -6.280531}",False,False,30,7,23,OPEN,1584832295000
20,87,dublin,COLLINS BARRACKS MUSEUM,Collins Barracks Museum,"{'lat': 53.347477, 'lng': -6.28525}",True,False,38,22,16,OPEN,1584832512000
21,84,dublin,BROOKFIELD ROAD,Brookfield Road,"{'lat': 53.339005, 'lng': -6.300217}",False,False,30,17,13,OPEN,1584832775000
22,90,dublin,BENSON STREET,Benson Street,"{'lat': 53.344153, 'lng': -6.233451}",False,False,40,36,4,OPEN,1584832706000
23,11,dublin,EARLSFORT TERRACE,Earlsfort Terrace,"{'lat': 53.334019, 'lng': -6.258371}",False,False,30,19,11,OPEN,1584832748000
24,17,dublin,GOLDEN LANE,Golden Lane,"{'lat': 53.340803, 'lng': -6.267732}",False,False,20,14,6,OPEN,1584832645000
25,45,dublin,DEVERELL PLACE,Deverell Place,"{'lat': 53.351464, 'lng': -6.255265}",False,False,30,21,9,OPEN,1584832641000
26,114,dublin,WILTON TERRACE (PARK),Wilton Terrace (Park),"{'lat': 53.333653, 'lng': -6.248345}",True,False,40,34,6,OPEN,1584832539000
27,72,dublin,JOHN STREET WEST,John Street West,"{'lat': 53.343105, 'lng': -6.277167}",False,False,31,16,15,OPEN,1584832674000
28,63,dublin,FENIAN STREET,Fenian Street,"{'lat': 53.341428, 'lng': -6.24672}",False,False,35,19,16,OPEN,1584832321000
29,113,dublin,MERRION SQUARE SOUTH,Merrion Square South,"{'lat': 53.338614, 'lng': -6.248606}",True,False,40,36,4,OPEN,1584832258000
30,91,dublin,SOUTH DOCK ROAD,South Dock Road,"{'lat': 53.341833, 'lng': -6.231291}",False,False,30,20,10,OPEN,1584832258000
31,99,dublin,CITY QUAY,City Quay,"{'lat': 53.346637, 'lng': -6.246154}",False,False,30,27,3,OPEN,1584832487000
32,9,dublin,EXCHEQUER STREET,Exchequer Street,"{'lat': 53.343034, 'lng': -6.263578}",False,False,24,16,8,OPEN,1584832419000
33,67,dublin,THE POINT,The Point,"{'lat': 53.346867, 'lng': -6.230852}",False,False,40,22,18,OPEN,1584832374000
34,116,dublin,BROADSTONE,Broadstone,"{'lat': 53.3547, 'lng': -6.272314}",True,False,30,20,10,OPEN,1584832620000
35,55,dublin,HATCH STREET,Hatch Street,"{'lat': 53.33403, 'lng': -6.260714}",False,False,36,33,3,OPEN,1584832725000
36,62,dublin,LIME STREET,Lime Street,"{'lat': 53.346026, 'lng': -6.243576}",False,False,40,35,5,OPEN,1584832420000
37,5,dublin,CHARLEMONT PLACE,Charlemont Street,"{'lat': 53.330662, 'lng': -6.260177}",False,False,40,21,19,OPEN,1584832666000
38,97,dublin,KILMAINHAM GAOL,Kilmainham Gaol,"{'lat': 53.342113, 'lng': -6.310015}",True,False,40,23,17,OPEN,1584832771000
39,61,dublin,HARDWICKE PLACE,Hardwicke Place,"{'lat': 53.357043, 'lng': -6.263232}",True,False,25,7,18,OPEN,1584832453000
40,77,dublin,WOLFE TONE STREET,Wolfe Tone Street,"{'lat': 53.348875, 'lng': -6.267459}",False,False,29,20,9,OPEN,1584832384000
41,73,dublin,FRANCIS STREET,Francis Street,"{'lat': 53.342081, 'lng': -6.275233}",False,False,30,9,21,OPEN,1584832750000
42,4,dublin,GREEK STREET,Greek Street,"{'lat': 53.346874, 'lng': -6.272976}",False,False,20,9,11,OPEN,1584832795000
43,49,dublin,GUILD STREET,Guild Street,"{'lat': 53.347932, 'lng': -6.240928}",False,False,40,39,1,OPEN,1584832470000
44,19,dublin,HERBERT PLACE,Herbert Place,"{'lat': 53.334432, 'lng': -6.245575}",False,False,30,16,14,OPEN,1584832681000
45,7,dublin,HIGH STREET,High Street,"{'lat': 53.343565, 'lng': -6.275071}",True,False,29,2,27,OPEN,1584832235000
46,102,dublin,WESTERN WAY,Western Way,"{'lat': 53.354929, 'lng': -6.269425}",False,False,40,28,12,OPEN,1584832769000
47,38,dublin,TALBOT STREET,Talbot Street,"{'lat': 53.350974, 'lng': -6.25294}",False,False,40,17,23,OPEN,1584832296000
48,53,dublin,NEWMAN HOUSE,Newman House,"{'lat': 53.337132, 'lng': -6.26059}",False,False,40,33,7,OPEN,1584832571000
49,58,dublin,SIR PATRICK DUN'S,Sir Patrick's Dun,"{'lat': 53.339218, 'lng': -6.240642}",True,False,40,27,13,OPEN,1584832365000
50,66,dublin,NEW CENTRAL BANK,New Central Bank,"{'lat': 53.347122, 'lng': -6.234749}",False,False,40,32,8,OPEN,1584832549000
51,104,dublin,GRANGEGORMAN LOWER (CENTRAL),Grangegorman Lower (Central),"{'lat': 53.355173, 'lng': -6.278424}",True,False,40,35,5,OPEN,1584832256000
52,101,dublin,KING STREET NORTH,King Street North,"{'lat': 53.350291, 'lng': -6.273507}",False,False,30,20,10,OPEN,1584832357000
53,115,dublin,KILLARNEY STREET,Killarney Street,"{'lat': 53.354845, 'lng': -6.247579}",False,False,30,10,20,OPEN,1584832693000
54,47,dublin,HERBERT STREET,Herbert Street,"{'lat': 53.335742, 'lng': -6.24551}",False,False,40,34,6,OPEN,1584832737000
55,117,dublin,HANOVER QUAY EAST,Hanover Quay East,"{'lat': 53.343653, 'lng': -6.231755}",False,False,40,30,10,OPEN,1584832603000
56,8,dublin,CUSTOM HOUSE QUAY,Custom House Quay,"{'lat': 53.347884, 'lng': -6.248048}",False,False,30,25,5,OPEN,1584832765000
57,27,dublin,MOLESWORTH STREET,Molesworth Street,"{'lat': 53.341288, 'lng': -6.258117}",False,False,20,10,10,OPEN,1584832293000
58,16,dublin,GEORGES QUAY,Georges Quay,"{'lat': 53.347508, 'lng': -6.252192}",False,False,20,18,2,OPEN,1584832549000
59,96,dublin,KILMAINHAM LANE,Kilmainham Lane,"{'lat': 53.341805, 'lng': -6.305085}",False,False,30,6,24,OPEN,1584832401000
60,82,dublin,MOUNT BROWN,Mount Brown,"{'lat': 53.341645, 'lng': -6.29719}",False,False,22,9,13,OPEN,1584832608000
61,76,dublin,MARKET STREET SOUTH,Market Street South,"{'lat': 53.342296, 'lng': -6.287661}",False,False,38,19,19,OPEN,1584832374000
62,71,dublin,KEVIN STREET,Kevin Street,"{'lat': 53.337757, 'lng': -6.267699}",True,False,40,22,18,OPEN,1584832356000
63,79,dublin,ECCLES STREET EAST,Eccles Street East,"{'lat': 53.358115, 'lng': -6.265601}",False,False,27,13,14,OPEN,1584832280000
64,69,dublin,GRAND CANAL DOCK,Grand Canal Dock,"{'lat': 53.342638, 'lng': -6.238695}",False,False,40,23,17,OPEN,1584832205000
65,25,dublin,MERRION SQUARE EAST,Merrion Square East,"{'lat': 53.339434, 'lng': -6.246548}",False,False,30,23,7,OPEN,1584832623000
66,51,dublin,YORK STREET WEST,York Street West,"{'lat': 53.339334, 'lng': -6.264699}",False,False,40,33,7,OPEN,1584832513000
67,37,dublin,ST. STEPHEN'S GREEN SOUTH,St. Stephen's Green South,"{'lat': 53.337494, 'lng': -6.26199}",True,False,30,19,11,OPEN,1584832771000
68,59,dublin,DENMARK STREET GREAT,Denmark Street Great,"{'lat': 53.35561, 'lng': -6.261397}",False,False,20,15,5,OPEN,1584832615000
69,95,dublin,ROYAL HOSPITAL,Royal Hospital,"{'lat': 53.343897, 'lng': -6.29706}",True,False,40,12,28,OPEN,1584832627000
70,94,dublin,HEUSTON STATION (CAR PARK),Heuston Station (Car Park),"{'lat': 53.346985, 'lng': -6.297804}",False,False,40,19,21,OPEN,1584832655000
71,105,dublin,GRANGEGORMAN LOWER (NORTH),Grangegorman Lower (North),"{'lat': 53.355954, 'lng': -6.278378}",False,False,36,29,7,OPEN,1584832585000
72,36,dublin,ST. STEPHEN'S GREEN EAST,St. Stephen's Green East,"{'lat': 53.337824, 'lng': -6.256035}",True,False,40,26,14,OPEN,1584832647000
73,93,dublin,HEUSTON STATION (CENTRAL),Heuston Station (Central),"{'lat': 53.346603, 'lng': -6.296924}",False,False,40,26,14,OPEN,1584832430000
74,22,dublin,TOWNSEND STREET,Townsend Street,"{'lat': 53.345922, 'lng': -6.254614}",False,False,20,11,9,OPEN,1584832518000
75,50,dublin,GEORGES LANE,George's Lane,"{'lat': 53.35023, 'lng': -6.279696}",False,False,40,20,20,OPEN,1584832394000
76,110,dublin,PHIBSBOROUGH ROAD,Phibsborough Road,"{'lat': 53.356307, 'lng': -6.2737169999999995}",False,False,40,33,7,OPEN,1584832421000
77,12,dublin,ECCLES STREET,Eccles Street,"{'lat': 53.359246, 'lng': -6.269779}",False,False,20,6,14,OPEN,1584832754000
78,34,dublin,PORTOBELLO HARBOUR,Portobello Harbour,"{'lat': 53.330362, 'lng': -6.265163}",False,False,30,10,20,OPEN,1584832669000
79,78,dublin,MATER HOSPITAL,Mater Hospital,"{'lat': 53.359967, 'lng': -6.264828}",False,False,40,4,36,OPEN,1584832335000
80,2,dublin,BLESSINGTON STREET,Blessington Street,"{'lat': 53.356769, 'lng': -6.26814}",True,False,20,10,10,OPEN,1584832643000
81,75,dublin,JAMES STREET,James Street,"{'lat': 53.343456, 'lng': -6.287409}",True,False,40,22,18,OPEN,1584832359000
82,111,dublin,MOUNTJOY SQUARE EAST,Mountjoy Square East,"{'lat': 53.356717, 'lng': -6.256359}",True,False,40,10,30,OPEN,1584832293000
83,26,dublin,MERRION SQUARE WEST,Merrion Square West,"{'lat': 53.339764, 'lng': -6.251988}",True,False,20,13,7,OPEN,1584832368000
84,65,dublin,CONVENTION CENTRE,Convention Centre,"{'lat': 53.34744, 'lng': -6.238523}",True,False,40,29,11,OPEN,1584832692000
85,15,dublin,HARDWICKE STREET,Hardwicke Street,"{'lat': 53.355473, 'lng': -6.264423}",False,False,16,7,9,OPEN,1584832685000
86,86,dublin,PARKGATE STREET,Parkgate Street,"{'lat': 53.347972, 'lng': -6.291804}",True,False,38,33,5,OPEN,1584832438000
87,10,dublin,DAME STREET,Dame Street,"{'lat': 53.344007, 'lng': -6.266802}",True,False,16,2,14,OPEN,1584832779000
88,100,dublin,HEUSTON BRIDGE (SOUTH),Heuston Bridge (South),"{'lat': 53.347106, 'lng': -6.292041}",False,False,25,9,16,OPEN,1584832244000
89,24,dublin,CATHAL BRUGHA STREET,Cathal Brugha Street,"{'lat': 53.352149, 'lng': -6.260533}",False,False,20,17,3,OPEN,1584832623000
90,64,dublin,SANDWITH STREET,Sandwith Street,"{'lat': 53.345203, 'lng': -6.247163}",True,False,40,27,13,OPEN,1584832679000
91,109,dublin,BUCKINGHAM STREET LOWER,Buckingham Street Lower,"{'lat': 53.353331, 'lng': -6.249319}",False,False,29,22,7,OPEN,1584832343000
92,85,dublin,ROTHE ABBEY,Rothe Abbey,"{'lat': 53.338776, 'lng': -6.30395}",True,False,35,8,27,OPEN,1584832221000
93,107,dublin,CHARLEVILLE ROAD,Charleville Road,"{'lat': 53.359157, 'lng': -6.281866}",True,False,40,19,21,OPEN,1584832777000
94,33,dublin,PRINCES STREET / O'CONNELL STREET,Princes Street / O'Connell Street,"{'lat': 53.349013, 'lng': -6.260311}",True,False,23,12,11,OPEN,1584832518000
95,44,dublin,UPPER SHERRARD STREET,Upper Sherrard Street,"{'lat': 53.358437, 'lng': -6.260641}",False,False,30,14,16,OPEN,1584832317000
96,89,dublin,FITZWILLIAM SQUARE EAST,Fitzwilliam Square East,"{'lat': 53.335211, 'lng': -6.2509}",True,False,40,30,10,OPEN,1584832411000
97,57,dublin,GRATTAN STREET,Grattan Street,"{'lat': 53.339629, 'lng': -6.243778}",False,False,23,17,6,OPEN,1584832468000
98,80,dublin,ST JAMES HOSPITAL (LUAS),St James Hospital (Luas),"{'lat': 53.341359, 'lng': -6.292951}",False,False,40,29,11,OPEN,1584832404000
99,41,dublin,HARCOURT TERRACE,Harcourt Terrace,"{'lat': 53.332763, 'lng': -6.257942}",False,False,20,11,9,OPEN,1584832466000
100,3,dublin,BOLTON STREET,Bolton Street,"{'lat': 53.351182, 'lng': -6.269859}",False,False,20,20,0,OPEN,1584832743000
101,40,dublin,JERVIS STREET,Jervis Street,"{'lat': 53.3483, 'lng': -6.2666509999999995}",True,False,21,18,3,OPEN,1584832745000
102,29,dublin,ORMOND QUAY UPPER,Ormond Quay Upper,"{'lat': 53.346057, 'lng': -6.268001}",True,False,29,10,19,OPEN,1584832297000
103,103,dublin,GRANGEGORMAN LOWER (SOUTH),Grangegorman Lower (South),"{'lat': 53.354663, 'lng': -6.278681}",False,False,40,26,14,OPEN,1584832384000
104,28,dublin,MOUNTJOY SQUARE WEST,Mountjoy Square West,"{'lat': 53.356299, 'lng': -6.258586}",False,False,30,5,25,OPEN,1584832648000
105,39,dublin,WILTON TERRACE,Wilton Terrace,"{'lat': 53.332383, 'lng': -6.252717}",True,False,20,14,6,OPEN,1584832450000
106,83,dublin,EMMET ROAD,Emmet Road,"{'lat': 53.340714, 'lng': -6.308191}",False,False,40,27,13,OPEN,1584832603000
107,92,dublin,HEUSTON BRIDGE (NORTH),Heuston Bridge (North),"{'lat': 53.347802, 'lng': -6.292432}",False,False,40,16,24,OPEN,1584832722000
108,21,dublin,LEINSTER STREET SOUTH,Leinster Street South,"{'lat': 53.34218, 'lng': -6.254485}",False,False,30,26,4,OPEN,1584832263000
109,88,dublin,BLACKHALL PLACE,Blackhall Place,"{'lat': 53.3488, 'lng': -6.281637}",False,False,30,18,12,OPEN,1584832379000
0,42,dublin,SMITHFIELD NORTH,Smithfield North,"{'lat': 53.349562, 'lng': -6.278198}",True,False,30,14,16,OPEN,1584832502000
1,30,dublin,PARNELL SQUARE NORTH,Parnell Square North,"{'lat': 53.353462, 'lng': -6.265305}",True,False,20,11,9,OPEN,1584832285000
2,54,dublin,CLONMEL STREET,Clonmel Street,"{'lat': 53.336021, 'lng': -6.26298}",False,False,33,27,6,OPEN,1584832479000
3,108,dublin,AVONDALE ROAD,Avondale Road,"{'lat': 53.359405, 'lng': -6.276142}",False,False,40,19,21,OPEN,1584832504000
4,56,dublin,MOUNT STREET LOWER,Mount Street Lower,"{'lat': 53.33796, 'lng': -6.24153}",False,False,40,22,18,OPEN,1584832697000
5,6,dublin,CHRISTCHURCH PLACE,Christchurch Place,"{'lat': 53.343368, 'lng': -6.27012}",False,False,20,17,3,OPEN,1584832467000
6,18,dublin,GRANTHAM STREET,Grantham Street,"{'lat': 53.334123, 'lng': -6.265436}",True,False,30,19,11,OPEN,1584832827000
7,32,dublin,PEARSE STREET,Pearse Street,"{'lat': 53.344304, 'lng': -6.250427}",True,False,30,21,9,OPEN,1584832293000
8,52,dublin,YORK STREET EAST,York Street East,"{'lat': 53.338755, 'lng': -6.262003}",False,False,32,27,5,OPEN,1584832481000
9,48,dublin,EXCISE WALK,Excise Walk,"{'lat': 53.347777, 'lng': -6.244239}",False,False,40,23,17,OPEN,1584832686000
10,13,dublin,FITZWILLIAM SQUARE WEST,Fitzwilliam Square West,"{'lat': 53.336073999999996, 'lng': -6.252825}",False,False,30,23,7,OPEN,1584832332000
11,43,dublin,PORTOBELLO ROAD,Portobello Road,"{'lat': 53.330091, 'lng': -6.268044}",True,False,30,16,14,OPEN,1584832319000
12,81,dublin,ST. JAMES HOSPITAL (CENTRAL),St. James Hospital (Central),"{'lat': 53.339983, 'lng': -6.295594}",False,False,40,18,22,OPEN,1584832381000
13,31,dublin,PARNELL STREET,Parnell Street,"{'lat': 53.350929, 'lng': -6.265125}",False,False,20,17,3,OPEN,1584832482000
14,98,dublin,FREDERICK STREET SOUTH,Frederick Street South,"{'lat': 53.341515, 'lng': -6.2568529999999996}",True,False,40,31,9,OPEN,1584832595000
15,23,dublin,CUSTOM HOUSE,Custom House,"{'lat': 53.348279, 'lng': -6.254662}",True,False,30,28,2,OPEN,1584832751000
16,106,dublin,RATHDOWN ROAD,Rathdown Road,"{'lat': 53.35893, 'lng': -6.280337}",False,False,40,25,15,OPEN,1584832344000
17,112,dublin,NORTH CIRCULAR ROAD (O'CONNELL'S),North Circular Road (O'Connell's),"{'lat': 53.357841, 'lng': -6.251557}",False,False,30,0,30,OPEN,1584832840000
18,68,dublin,HANOVER QUAY,Hanover Quay,"{'lat': 53.344115, 'lng': -6.237153}",True,False,40,21,19,OPEN,1584832537000
19,74,dublin,OLIVER BOND STREET,Oliver Bond Street,"{'lat': 53.343893, 'lng': -6.280531}",False,False,30,7,23,OPEN,1584832295000
20,87,dublin,COLLINS BARRACKS MUSEUM,Collins Barracks Museum,"{'lat': 53.347477, 'lng': -6.28525}",True,False,38,22,16,OPEN,1584832512000
21,84,dublin,BROOKFIELD ROAD,Brookfield Road,"{'lat': 53.339005, 'lng': -6.300217}",False,False,30,17,13,OPEN,1584832775000
22,90,dublin,BENSON STREET,Benson Street,"{'lat': 53.344153, 'lng': -6.233451}",False,False,40,36,4,OPEN,1584832706000
23,11,dublin,EARLSFORT TERRACE,Earlsfort Terrace,"{'lat': 53.334019, 'lng': -6.258371}",False,False,30,19,11,OPEN,1584832748000
24,17,dublin,GOLDEN LANE,Golden Lane,"{'lat': 53.340803, 'lng': -6.267732}",False,False,20,14,6,OPEN,1584832645000
25,45,dublin,DEVERELL PLACE,Deverell Place,"{'lat': 53.351464, 'lng': -6.255265}",False,False,30,21,9,OPEN,1584832641000
26,114,dublin,WILTON TERRACE (PARK),Wilton Terrace (Park),"{'lat': 53.333653, 'lng': -6.248345}",True,False,40,34,6,OPEN,1584832539000
27,72,dublin,JOHN STREET WEST,John Street West,"{'lat': 53.343105, 'lng': -6.277167}",False,False,31,16,15,OPEN,1584832674000
28,63,dublin,FENIAN STREET,Fenian Street,"{'lat': 53.341428, 'lng': -6.24672}",False,False,35,19,16,OPEN,1584832321000
29,113,dublin,MERRION SQUARE SOUTH,Merrion Square South,"{'lat': 53.338614, 'lng': -6.248606}",True,False,40,36,4,OPEN,1584832865000
30,91,dublin,SOUTH DOCK ROAD,South Dock Road,"{'lat': 53.341833, 'lng': -6.231291}",False,False,30,20,10,OPEN,1584832258000
31,99,dublin,CITY QUAY,City Quay,"{'lat': 53.346637, 'lng': -6.246154}",False,False,30,27,3,OPEN,1584832487000
32,9,dublin,EXCHEQUER STREET,Exchequer Street,"{'lat': 53.343034, 'lng': -6.263578}",False,False,24,16,8,OPEN,1584832419000
33,67,dublin,THE POINT,The Point,"{'lat': 53.346867, 'lng': -6.230852}",False,False,40,22,18,OPEN,1584832374000
34,116,dublin,BROADSTONE,Broadstone,"{'lat': 53.3547, 'lng': -6.272314}",True,False,30,20,10,OPEN,1584832620000
35,55,dublin,HATCH STREET,Hatch Street,"{'lat': 53.33403, 'lng': -6.260714}",False,False,36,33,3,OPEN,1584832725000
36,62,dublin,LIME STREET,Lime Street,"{'lat': 53.346026, 'lng': -6.243576}",False,False,40,35,5,OPEN,1584832420000
37,5,dublin,CHARLEMONT PLACE,Charlemont Street,"{'lat': 53.330662, 'lng': -6.260177}",False,False,40,21,19,OPEN,1584832666000
38,97,dublin,KILMAINHAM GAOL,Kilmainham Gaol,"{'lat': 53.342113, 'lng': -6.310015}",True,False,40,23,17,OPEN,1584832771000
39,61,dublin,HARDWICKE PLACE,Hardwicke Place,"{'lat': 53.357043, 'lng': -6.263232}",True,False,25,7,18,OPEN,1584832453000
40,77,dublin,WOLFE TONE STREET,Wolfe Tone Street,"{'lat': 53.348875, 'lng': -6.267459}",False,False,29,20,9,OPEN,1584832384000
41,73,dublin,FRANCIS STREET,Francis Street,"{'lat': 53.342081, 'lng': -6.275233}",False,False,30,9,21,OPEN,1584832750000
42,4,dublin,GREEK STREET,Greek Street,"{'lat': 53.346874, 'lng': -6.272976}",False,False,20,9,11,OPEN,1584832795000
43,49,dublin,GUILD STREET,Guild Street,"{'lat': 53.347932, 'lng': -6.240928}",False,False,40,39,1,OPEN,1584832470000
44,19,dublin,HERBERT PLACE,Herbert Place,"{'lat': 53.334432, 'lng': -6.245575}",False,False,30,16,14,OPEN,1584832681000
45,7,dublin,HIGH STREET,High Street,"{'lat': 53.343565, 'lng': -6.275071}",True,False,29,2,27,OPEN,1584832845000
46,102,dublin,WESTERN WAY,Western Way,"{'lat': 53.354929, 'lng': -6.269425}",False,False,40,28,12,OPEN,1584832769000
47,38,dublin,TALBOT STREET,Talbot Street,"{'lat': 53.350974, 'lng': -6.25294}",False,False,40,17,23,OPEN,1584832296000
48,53,dublin,NEWMAN HOUSE,Newman House,"{'lat': 53.337132, 'lng': -6.26059}",False,False,40,33,7,OPEN,1584832571000
49,58,dublin,SIR PATRICK DUN'S,Sir Patrick's Dun,"{'lat': 53.339218, 'lng': -6.240642}",True,False,40,27,13,OPEN,1584832365000
50,66,dublin,NEW CENTRAL BANK,New Central Bank,"{'lat': 53.347122, 'lng': -6.234749}",False,False,40,32,8,OPEN,1584832549000
51,104,dublin,GRANGEGORMAN LOWER (CENTRAL),Grangegorman Lower (Central),"{'lat': 53.355173, 'lng': -6.278424}",True,False,40,35,5,OPEN,1584832865000
52,101,dublin,KING STREET NORTH,King Street North,"{'lat': 53.350291, 'lng': -6.273507}",False,False,30,20,10,OPEN,1584832357000
53,115,dublin,KILLARNEY STREET,Killarney Street,"{'lat': 53.354845, 'lng': -6.247579}",False,False,30,10,20,OPEN,1584832693000
54,47,dublin,HERBERT STREET,Herbert Street,"{'lat': 53.335742, 'lng': -6.24551}",False,False,40,34,6,OPEN,1584832737000
55,117,dublin,HANOVER QUAY EAST,Hanover Quay East,"{'lat': 53.343653, 'lng': -6.231755}",False,False,40,30,10,OPEN,1584832603000
56,8,dublin,CUSTOM HOUSE QUAY,Custom House Quay,"{'lat': 53.347884, 'lng': -6.248048}",False,False,30,25,5,OPEN,1584832765000
57,27,dublin,MOLESWORTH STREET,Molesworth Street,"{'lat': 53.341288, 'lng': -6.258117}",False,False,20,10,10,OPEN,1584832293000
58,16,dublin,GEORGES QUAY,Georges Quay,"{'lat': 53.347508, 'lng': -6.252192}",False,False,20,18,2,OPEN,1584832549000
59,96,dublin,KILMAINHAM LANE,Kilmainham Lane,"{'lat': 53.341805, 'lng': -6.305085}",False,False,30,6,24,OPEN,1584832401000
60,82,dublin,MOUNT BROWN,Mount Brown,"{'lat': 53.341645, 'lng': -6.29719}",False,False,22,9,13,OPEN,1584832608000
61,76,dublin,MARKET STREET SOUTH,Market Street South,"{'lat': 53.342296, 'lng': -6.287661}",False,False,38,19,19,OPEN,1584832374000
62,71,dublin,KEVIN STREET,Kevin Street,"{'lat': 53.337757, 'lng': -6.267699}",True,False,40,22,18,OPEN,1584832356000
63,79,dublin,ECCLES STREET EAST,Eccles Street East,"{'lat': 53.358115, 'lng': -6.265601}",False,False,27,13,14,OPEN,1584832280000
64,69,dublin,GRAND CANAL DOCK,Grand Canal Dock,"{'lat': 53.342638, 'lng': -6.238695}",False,False,40,24,16,OPEN,1584832814000
65,25,dublin,MERRION SQUARE EAST,Merrion Square East,"{'lat': 53.339434, 'lng': -6.246548}",False,False,30,23,7,OPEN,1584832623000
66,51,dublin,YORK STREET WEST,York Street West,"{'lat': 53.339334, 'lng': -6.264699}",False,False,40,33,7,OPEN,1584832513000
67,37,dublin,ST. STEPHEN'S GREEN SOUTH,St. Stephen's Green South,"{'lat': 53.337494, 'lng': -6.26199}",True,False,30,19,11,OPEN,1584832771000
68,59,dublin,DENMARK STREET GREAT,Denmark Street Great,"{'lat': 53.35561, 'lng': -6.261397}",False,False,20,15,5,OPEN,1584832615000
69,95,dublin,ROYAL HOSPITAL,Royal Hospital,"{'lat': 53.343897, 'lng': -6.29706}",True,False,40,12,28,OPEN,1584832627000
70,94,dublin,HEUSTON STATION (CAR PARK),Heuston Station (Car Park),"{'lat': 53.346985, 'lng': -6.297804}",False,False,40,19,21,OPEN,1584832655000
71,105,dublin,GRANGEGORMAN LOWER (NORTH),Grangegorman Lower (North),"{'lat': 53.355954, 'lng': -6.278378}",False,False,36,29,7,OPEN,1584832585000
72,36,dublin,ST. STEPHEN'S GREEN EAST,St. Stephen's Green East,"{'lat': 53.337824, 'lng': -6.256035}",True,False,40,26,14,OPEN,1584832647000
73,93,dublin,HEUSTON STATION (CENTRAL),Heuston Station (Central),"{'lat': 53.346603, 'lng': -6.296924}",False,False,40,26,14,OPEN,1584832430000
74,22,dublin,TOWNSEND STREET,Townsend Street,"{'lat': 53.345922, 'lng': -6.254614}",False,False,20,11,9,OPEN,1584832518000
75,50,dublin,GEORGES LANE,George's Lane,"{'lat': 53.35023, 'lng': -6.279696}",False,False,40,20,20,OPEN,1584832394000
76,110,dublin,PHIBSBOROUGH ROAD,Phibsborough Road,"{'lat': 53.356307, 'lng': -6.2737169999999995}",False,False,40,33,7,OPEN,1584832421000
77,12,dublin,ECCLES STREET,Eccles Street,"{'lat': 53.359246, 'lng': -6.269779}",False,False,20,6,14,OPEN,1584832754000
78,34,dublin,PORTOBELLO HARBOUR,Portobello Harbour,"{'lat': 53.330362, 'lng': -6.265163}",False,False,30,10,20,OPEN,1584832669000
79,78,dublin,MATER HOSPITAL,Mater Hospital,"{'lat': 53.359967, 'lng': -6.264828}",False,False,40,4,36,OPEN,1584832335000
80,2,dublin,BLESSINGTON STREET,Blessington Street,"{'lat': 53.356769, 'lng': -6.26814}",True,False,20,10,10,OPEN,1584832643000
81,75,dublin,JAMES STREET,James Street,"{'lat': 53.343456, 'lng': -6.287409}",True,False,40,22,18,OPEN,1584832359000
82,111,dublin,MOUNTJOY SQUARE EAST,Mountjoy Square East,"{'lat': 53.356717, 'lng': -6.256359}",True,False,40,10,30,OPEN,1584832293000
83,26,dublin,MERRION SQUARE WEST,Merrion Square West,"{'lat': 53.339764, 'lng': -6.251988}",True,False,20,13,7,OPEN,1584832368000
84,65,dublin,CONVENTION CENTRE,Convention Centre,"{'lat': 53.34744, 'lng': -6.238523}",True,False,40,29,11,OPEN,1584832692000
85,15,dublin,HARDWICKE STREET,Hardwicke Street,"{'lat': 53.355473, 'lng': -6.264423}",False,False,16,7,9,OPEN,1584832685000
86,86,dublin,PARKGATE STREET,Parkgate Street,"{'lat': 53.347972, 'lng': -6.291804}",True,False,38,33,5,OPEN,1584832438000
87,10,dublin,DAME STREET,Dame Street,"{'lat': 53.344007, 'lng': -6.266802}",True,False,16,2,14,OPEN,1584832779000
88,100,dublin,HEUSTON BRIDGE (SOUTH),Heuston Bridge (South),"{'lat': 53.347106, 'lng': -6.292041}",False,False,25,9,16,OPEN,1584832853000
89,24,dublin,CATHAL BRUGHA STREET,Cathal Brugha Street,"{'lat': 53.352149, 'lng': -6.260533}",False,False,20,17,3,OPEN,1584832623000
90,64,dublin,SANDWITH STREET,Sandwith Street,"{'lat': 53.345203, 'lng': -6.247163}",True,False,40,27,13,OPEN,1584832679000
91,109,dublin,BUCKINGHAM STREET LOWER,Buckingham Street Lower,"{'lat': 53.353331, 'lng': -6.249319}",False,False,29,22,7,OPEN,1584832343000
92,85,dublin,ROTHE ABBEY,Rothe Abbey,"{'lat': 53.338776, 'lng': -6.30395}",True,False,35,8,27,OPEN,1584832828000
93,107,dublin,CHARLEVILLE ROAD,Charleville Road,"{'lat': 53.359157, 'lng': -6.281866}",True,False,40,19,21,OPEN,1584832777000
94,33,dublin,PRINCES STREET / O'CONNELL STREET,Princes Street / O'Connell Street,"{'lat': 53.349013, 'lng': -6.260311}",True,False,23,12,11,OPEN,1584832518000
95,44,dublin,UPPER SHERRARD STREET,Upper Sherrard Street,"{'lat': 53.358437, 'lng': -6.260641}",False,False,30,14,16,OPEN,1584832317000
96,89,dublin,FITZWILLIAM SQUARE EAST,Fitzwilliam Square East,"{'lat': 53.335211, 'lng': -6.2509}",True,False,40,30,10,OPEN,1584832411000
97,57,dublin,GRATTAN STREET,Grattan Street,"{'lat': 53.339629, 'lng': -6.243778}",False,False,23,17,6,OPEN,1584832468000
98,80,dublin,ST JAMES HOSPITAL (LUAS),St James Hospital (Luas),"{'lat': 53.341359, 'lng': -6.292951}",False,False,40,29,11,OPEN,1584832404000
99,41,dublin,HARCOURT TERRACE,Harcourt Terrace,"{'lat': 53.332763, 'lng': -6.257942}",False,False,20,11,9,OPEN,1584832466000
100,3,dublin,BOLTON STREET,Bolton Street,"{'lat': 53.351182, 'lng': -6.269859}",False,False,20,20,0,OPEN,1584832743000
101,40,dublin,JERVIS STREET,Jervis Street,"{'lat': 53.3483, 'lng': -6.2666509999999995}",True,False,21,18,3,OPEN,1584832745000
102,29,dublin,ORMOND QUAY UPPER,Ormond Quay Upper,"{'lat': 53.346057, 'lng': -6.268001}",True,False,29,10,19,OPEN,1584832297000
103,103,dublin,GRANGEGORMAN LOWER (SOUTH),Grangegorman Lower (South),"{'lat': 53.354663, 'lng': -6.278681}",False,False,40,26,14,OPEN,1584832384000
104,28,dublin,MOUNTJOY SQUARE WEST,Mountjoy Square West,"{'lat': 53.356299, 'lng': -6.258586}",False,False,30,5,25,OPEN,1584832648000
105,39,dublin,WILTON TERRACE,Wilton Terrace,"{'lat': 53.332383, 'lng': -6.252717}",True,False,20,14,6,OPEN,1584832450000
106,83,dublin,EMMET ROAD,Emmet Road,"{'lat': 53.340714, 'lng': -6.308191}",False,False,40,27,13,OPEN,1584832603000
107,92,dublin,HEUSTON BRIDGE (NORTH),Heuston Bridge (North),"{'lat': 53.347802, 'lng': -6.292432}",False,False,40,16,24,OPEN,1584832722000
108,21,dublin,LEINSTER STREET SOUTH,Leinster Street South,"{'lat': 53.34218, 'lng': -6.254485}",False,False,30,26,4,OPEN,1584832263000
109,88,dublin,BLACKHALL PLACE,Blackhall Place,"{'lat': 53.3488, 'lng': -6.281637}",False,False,30,18,12,OPEN,1584832379000
0,42,dublin,SMITHFIELD NORTH,Smithfield North,"{'lat': 53.349562, 'lng': -6.278198}",True,False,30,14,16,OPEN,1584832502000
1,30,dublin,PARNELL SQUARE NORTH,Parnell Square North,"{'lat': 53.353462, 'lng': -6.265305}",True,False,20,11,9,OPEN,1584832285000
2,54,dublin,CLONMEL STREET,Clonmel Street,"{'lat': 53.336021, 'lng': -6.26298}",False,False,33,27,6,OPEN,1584832479000
3,108,dublin,AVONDALE ROAD,Avondale Road,"{'lat': 53.359405, 'lng': -6.276142}",False,False,40,19,21,OPEN,1584832504000
4,56,dublin,MOUNT STREET LOWER,Mount Street Lower,"{'lat': 53.33796, 'lng': -6.24153}",False,False,40,22,18,OPEN,1584832697000
5,6,dublin,CHRISTCHURCH PLACE,Christchurch Place,"{'lat': 53.343368, 'lng': -6.27012}",False,False,20,17,3,OPEN,1584832467000
6,18,dublin,GRANTHAM STREET,Grantham Street,"{'lat': 53.334123, 'lng': -6.265436}",True,False,30,19,11,OPEN,1584832827000
7,32,dublin,PEARSE STREET,Pearse Street,"{'lat': 53.344304, 'lng': -6.250427}",True,False,30,21,9,OPEN,1584832293000
8,52,dublin,YORK STREET EAST,York Street East,"{'lat': 53.338755, 'lng': -6.262003}",False,False,32,27,5,OPEN,1584832481000
9,48,dublin,EXCISE WALK,Excise Walk,"{'lat': 53.347777, 'lng': -6.244239}",False,False,40,23,17,OPEN,1584832686000
10,13,dublin,FITZWILLIAM SQUARE WEST,Fitzwilliam Square West,"{'lat': 53.336073999999996, 'lng': -6.252825}",False,False,30,23,7,OPEN,1584832332000
11,43,dublin,PORTOBELLO ROAD,Portobello Road,"{'lat': 53.330091, 'lng': -6.268044}",True,False,30,16,14,OPEN,1584832319000
12,81,dublin,ST. JAMES HOSPITAL (CENTRAL),St. James Hospital (Central),"{'lat': 53.339983, 'lng': -6.295594}",False,False,40,18,22,OPEN,1584832381000
13,31,dublin,PARNELL STREET,Parnell Street,"{'lat': 53.350929, 'lng': -6.265125}",False,False,20,17,3,OPEN,1584832482000
14,98,dublin,FREDERICK STREET SOUTH,Frederick Street South,"{'lat': 53.341515, 'lng': -6.2568529999999996}",True,False,40,31,9,OPEN,1584832595000
15,23,dublin,CUSTOM HOUSE,Custom House,"{'lat': 53.348279, 'lng': -6.254662}",True,False,30,28,2,OPEN,1584832751000
16,106,dublin,RATHDOWN ROAD,Rathdown Road,"{'lat': 53.35893, 'lng': -6.280337}",False,False,40,25,15,OPEN,1584832344000
17,112,dublin,NORTH CIRCULAR ROAD (O'CONNELL'S),North Circular Road (O'Connell's),"{'lat': 53.357841, 'lng': -6.251557}",False,False,30,0,30,OPEN,1584832840000
18,68,dublin,HANOVER QUAY,Hanover Quay,"{'lat': 53.344115, 'lng': -6.237153}",True,False,40,21,19,OPEN,1584832537000
19,74,dublin,OLIVER BOND STREET,Oliver Bond Street,"{'lat': 53.343893, 'lng': -6.280531}",False,False,30,7,23,OPEN,1584832295000
20,87,dublin,COLLINS BARRACKS MUSEUM,Collins Barracks Museum,"{'lat': 53.347477, 'lng': -6.28525}",True,False,38,22,16,OPEN,1584832512000
21,84,dublin,BROOKFIELD ROAD,Brookfield Road,"{'lat': 53.339005, 'lng': -6.300217}",False,False,30,17,13,OPEN,1584832775000
22,90,dublin,BENSON STREET,Benson Street,"{'lat': 53.344153, 'lng': -6.233451}",False,False,40,36,4,OPEN,1584832706000
23,11,dublin,EARLSFORT TERRACE,Earlsfort Terrace,"{'lat': 53.334019, 'lng': -6.258371}",False,False,30,19,11,OPEN,1584832748000
24,17,dublin,GOLDEN LANE,Golden Lane,"{'lat': 53.340803, 'lng': -6.267732}",False,False,20,14,6,OPEN,1584832645000
25,45,dublin,DEVERELL PLACE,Deverell Place,"{'lat': 53.351464, 'lng': -6.255265}",False,False,30,21,9,OPEN,1584832641000
26,114,dublin,WILTON TERRACE (PARK),Wilton Terrace (Park),"{'lat': 53.333653, 'lng': -6.248345}",True,False,40,34,6,OPEN,1584832539000
27,72,dublin,JOHN STREET WEST,John Street West,"{'lat': 53.343105, 'lng': -6.277167}",False,False,31,16,15,OPEN,1584832674000
28,63,dublin,FENIAN STREET,Fenian Street,"{'lat': 53.341428, 'lng': -6.24672}",False,False,35,19,16,OPEN,1584832321000
29,113,dublin,MERRION SQUARE SOUTH,Merrion Square South,"{'lat': 53.338614, 'lng': -6.248606}",True,False,40,36,4,OPEN,1584832865000
30,91,dublin,SOUTH DOCK ROAD,South Dock Road,"{'lat': 53.341833, 'lng': -6.231291}",False,False,30,20,10,OPEN,1584832258000
31,99,dublin,CITY QUAY,City Quay,"{'lat': 53.346637, 'lng': -6.246154}",False,False,30,27,3,OPEN,1584832487000
32,9,dublin,EXCHEQUER STREET,Exchequer Street,"{'lat': 53.343034, 'lng': -6.263578}",False,False,24,16,8,OPEN,1584832419000
33,67,dublin,THE POINT,The Point,"{'lat': 53.346867, 'lng': -6.230852}",False,False,40,22,18,OPEN,1584832374000
34,116,dublin,BROADSTONE,Broadstone,"{'lat': 53.3547, 'lng': -6.272314}",True,False,30,20,10,OPEN,1584832620000
35,55,dublin,HATCH STREET,Hatch Street,"{'lat': 53.33403, 'lng': -6.260714}",False,False,36,33,3,OPEN,1584832725000
36,62,dublin,LIME STREET,Lime Street,"{'lat': 53.346026, 'lng': -6.243576}",False,False,40,35,5,OPEN,1584832420000
37,5,dublin,CHARLEMONT PLACE,Charlemont Street,"{'lat': 53.330662, 'lng': -6.260177}",False,False,40,21,19,OPEN,1584832666000
38,97,dublin,KILMAINHAM GAOL,Kilmainham Gaol,"{'lat': 53.342113, 'lng': -6.310015}",True,False,40,23,17,OPEN,1584832771000
39,61,dublin,HARDWICKE PLACE,Hardwicke Place,"{'lat': 53.357043, 'lng': -6.263232}",True,False,25,7,18,OPEN,1584832453000
40,77,dublin,WOLFE TONE STREET,Wolfe Tone Street,"{'lat': 53.348875, 'lng': -6.267459}",False,False,29,20,9,OPEN,1584832384000
41,73,dublin,FRANCIS STREET,Francis Street,"{'lat': 53.342081, 'lng': -6.275233}",False,False,30,9,21,OPEN,1584832750000
42,4,dublin,GREEK STREET,Greek Street,"{'lat': 53.346874, 'lng': -6.272976}",False,False,20,9,11,OPEN,1584832795000
43,49,dublin,GUILD STREET,Guild Street,"{'lat': 53.347932, 'lng': -6.240928}",False,False,40,39,1,OPEN,1584832470000
44,19,dublin,HERBERT PLACE,Herbert Place,"{'lat': 53.334432, 'lng': -6.245575}",False,False,30,16,14,OPEN,1584832681000
45,7,dublin,HIGH STREET,High Street,"{'lat': 53.343565, 'lng': -6.275071}",True,False,29,2,27,OPEN,1584832845000
46,102,dublin,WESTERN WAY,Western Way,"{'lat': 53.354929, 'lng': -6.269425}",False,False,40,28,12,OPEN,1584832769000
47,38,dublin,TALBOT STREET,Talbot Street,"{'lat': 53.350974, 'lng': -6.25294}",False,False,40,17,23,OPEN,1584832296000
48,53,dublin,NEWMAN HOUSE,Newman House,"{'lat': 53.337132, 'lng': -6.26059}",False,False,40,33,7,OPEN,1584832571000
49,58,dublin,SIR PATRICK DUN'S,Sir Patrick's Dun,"{'lat': 53.339218, 'lng': -6.240642}",True,False,40,27,13,OPEN,1584832365000
50,66,dublin,NEW CENTRAL BANK,New Central Bank,"{'lat': 53.347122, 'lng': -6.234749}",False,False,40,32,8,OPEN,1584832549000
51,104,dublin,GRANGEGORMAN LOWER (CENTRAL),Grangegorman Lower (Central),"{'lat': 53.355173, 'lng': -6.278424}",True,False,40,35,5,OPEN,1584832865000
52,101,dublin,KING STREET NORTH,King Street North,"{'lat': 53.350291, 'lng': -6.273507}",False,False,30,20,10,OPEN,1584832357000
53,115,dublin,KILLARNEY STREET,Killarney Street,"{'lat': 53.354845, 'lng': -6.247579}",False,False,30,10,20,OPEN,1584832693000
54,47,dublin,HERBERT STREET,Herbert Street,"{'lat': 53.335742, 'lng': -6.24551}",False,False,40,34,6,OPEN,1584832737000
55,117,dublin,HANOVER QUAY EAST,Hanover Quay East,"{'lat': 53.343653, 'lng': -6.231755}",False,False,40,30,10,OPEN,1584832603000
56,8,dublin,CUSTOM HOUSE QUAY,Custom House Quay,"{'lat': 53.347884, 'lng': -6.248048}",False,False,30,25,5,OPEN,1584832765000
57,27,dublin,MOLESWORTH STREET,Molesworth Street,"{'lat': 53.341288, 'lng': -6.258117}",False,False,20,10,10,OPEN,1584832293000
58,16,dublin,GEORGES QUAY,Georges Quay,"{'lat': 53.347508, 'lng': -6.252192}",False,False,20,18,2,OPEN,1584832549000
59,96,dublin,KILMAINHAM LANE,Kilmainham Lane,"{'lat': 53.341805, 'lng': -6.305085}",False,False,30,6,24,OPEN,1584832401000
60,82,dublin,MOUNT BROWN,Mount Brown,"{'lat': 53.341645, 'lng': -6.29719}",False,False,22,9,13,OPEN,1584832608000
61,76,dublin,MARKET STREET SOUTH,Market Street South,"{'lat': 53.342296, 'lng': -6.287661}",False,False,38,19,19,OPEN,1584832374000
62,71,dublin,KEVIN STREET,Kevin Street,"{'lat': 53.337757, 'lng': -6.267699}",True,False,40,22,18,OPEN,1584832356000
63,79,dublin,ECCLES STREET EAST,Eccles Street East,"{'lat': 53.358115, 'lng': -6.265601}",False,False,27,13,14,OPEN,1584832280000
64,69,dublin,GRAND CANAL DOCK,Grand Canal Dock,"{'lat': 53.342638, 'lng': -6.238695}",False,False,40,24,16,OPEN,1584832814000
65,25,dublin,MERRION SQUARE EAST,Merrion Square East,"{'lat': 53.339434, 'lng': -6.246548}",False,False,30,23,7,OPEN,1584832623000
66,51,dublin,YORK STREET WEST,York Street West,"{'lat': 53.339334, 'lng': -6.264699}",False,False,40,33,7,OPEN,1584832513000
67,37,dublin,ST. STEPHEN'S GREEN SOUTH,St. Stephen's Green South,"{'lat': 53.337494, 'lng': -6.26199}",True,False,30,19,11,OPEN,1584832771000
68,59,dublin,DENMARK STREET GREAT,Denmark Street Great,"{'lat': 53.35561, 'lng': -6.261397}",False,False,20,15,5,OPEN,1584832615000
69,95,dublin,ROYAL HOSPITAL,Royal Hospital,"{'lat': 53.343897, 'lng': -6.29706}",True,False,40,12,28,OPEN,1584832627000
70,94,dublin,HEUSTON STATION (CAR PARK),Heuston Station (Car Park),"{'lat': 53.346985, 'lng': -6.297804}",False,False,40,19,21,OPEN,1584832655000
71,105,dublin,GRANGEGORMAN LOWER (NORTH),Grangegorman Lower (North),"{'lat': 53.355954, 'lng': -6.278378}",False,False,36,29,7,OPEN,1584832585000
72,36,dublin,ST. STEPHEN'S GREEN EAST,St. Stephen's Green East,"{'lat': 53.337824, 'lng': -6.256035}",True,False,40,26,14,OPEN,1584832647000
73,93,dublin,HEUSTON STATION (CENTRAL),Heuston Station (Central),"{'lat': 53.346603, 'lng': -6.296924}",False,False,40,26,14,OPEN,1584832430000
74,22,dublin,TOWNSEND STREET,Townsend Street,"{'lat': 53.345922, 'lng': -6.254614}",False,False,20,11,9,OPEN,1584832518000
75,50,dublin,GEORGES LANE,George's Lane,"{'lat': 53.35023, 'lng': -6.279696}",False,False,40,20,20,OPEN,1584832394000
76,110,dublin,PHIBSBOROUGH ROAD,Phibsborough Road,"{'lat': 53.356307, 'lng': -6.2737169999999995}",False,False,40,33,7,OPEN,1584832421000
77,12,dublin,ECCLES STREET,Eccles Street,"{'lat': 53.359246, 'lng': -6.269779}",False,False,20,6,14,OPEN,1584832754000
78,34,dublin,PORTOBELLO HARBOUR,Portobello Harbour,"{'lat': 53.330362, 'lng': -6.265163}",False,False,30,10,20,OPEN,1584832669000
79,78,dublin,MATER HOSPITAL,Mater Hospital,"{'lat': 53.359967, 'lng': -6.264828}",False,False,40,4,36,OPEN,1584832335000
80,2,dublin,BLESSINGTON STREET,Blessington Street,"{'lat': 53.356769, 'lng': -6.26814}",True,False,20,10,10,OPEN,1584832643000
81,75,dublin,JAMES STREET,James Street,"{'lat': 53.343456, 'lng': -6.287409}",True,False,40,22,18,OPEN,1584832359000
82,111,dublin,MOUNTJOY SQUARE EAST,Mountjoy Square East,"{'lat': 53.356717, 'lng': -6.256359}",True,False,40,10,30,OPEN,1584832293000
83,26,dublin,MERRION SQUARE WEST,Merrion Square West,"{'lat': 53.339764, 'lng': -6.251988}",True,False,20,13,7,OPEN,1584832368000
84,65,dublin,CONVENTION CENTRE,Convention Centre,"{'lat': 53.34744, 'lng': -6.238523}",True,False,40,29,11,OPEN,1584832692000
85,15,dublin,HARDWICKE STREET,Hardwicke Street,"{'lat': 53.355473, 'lng': -6.264423}",False,False,16,7,9,OPEN,1584832685000
86,86,dublin,PARKGATE STREET,Parkgate Street,"{'lat': 53.347972, 'lng': -6.291804}",True,False,38,33,5,OPEN,1584832438000
87,10,dublin,DAME STREET,Dame Street,"{'lat': 53.344007, 'lng': -6.266802}",True,False,16,2,14,OPEN,1584832779000
88,100,dublin,HEUSTON BRIDGE (SOUTH),Heuston Bridge (South),"{'lat': 53.347106, 'lng': -6.292041}",False,False,25,9,16,OPEN,1584832853000
89,24,dublin,CATHAL BRUGHA STREET,Cathal Brugha Street,"{'lat': 53.352149, 'lng': -6.260533}",False,False,20,17,3,OPEN,1584832623000
90,64,dublin,SANDWITH STREET,Sandwith Street,"{'lat': 53.345203, 'lng': -6.247163}",True,False,40,27,13,OPEN,1584832679000
91,109,dublin,BUCKINGHAM STREET LOWER,Buckingham Street Lower,"{'lat': 53.353331, 'lng': -6.249319}",False,False,29,22,7,OPEN,1584832343000
92,85,dublin,ROTHE ABBEY,Rothe Abbey,"{'lat': 53.338776, 'lng': -6.30395}",True,False,35,8,27,OPEN,1584832828000
93,107,dublin,CHARLEVILLE ROAD,Charleville Road,"{'lat': 53.359157, 'lng': -6.281866}",True,False,40,19,21,OPEN,1584832777000
94,33,dublin,PRINCES STREET / O'CONNELL STREET,Princes Street / O'Connell Street,"{'lat': 53.349013, 'lng': -6.260311}",True,False,23,12,11,OPEN,1584832518000
95,44,dublin,UPPER SHERRARD STREET,Upper Sherrard Street,"{'lat': 53.358437, 'lng': -6.260641}",False,False,30,14,16,OPEN,1584832317000
96,89,dublin,FITZWILLIAM SQUARE EAST,Fitzwilliam Square East,"{'lat': 53.335211, 'lng': -6.2509}",True,False,40,30,10,OPEN,1584832411000
97,57,dublin,GRATTAN STREET,Grattan Street,"{'lat': 53.339629, 'lng': -6.243778}",False,False,23,17,6,OPEN,1584832468000
98,80,dublin,ST JAMES HOSPITAL (LUAS),St James Hospital (Luas),"{'lat': 53.341359, 'lng': -6.292951}",False,False,40,29,11,OPEN,1584832404000
99,41,dublin,HARCOURT TERRACE,Harcourt Terrace,"{'lat': 53.332763, 'lng': -6.257942}",False,False,20,11,9,OPEN,1584832466000
100,3,dublin,BOLTON STREET,Bolton Street,"{'lat': 53.351182, 'lng': -6.269859}",False,False,20,20,0,OPEN,1584832743000
101,40,dublin,JERVIS STREET,Jervis Street,"{'lat': 53.3483, 'lng': -6.2666509999999995}",True,False,21,18,3,OPEN,1584832745000
102,29,dublin,ORMOND QUAY UPPER,Ormond Quay Upper,"{'lat': 53.346057, 'lng': -6.268001}",True,False,29,10,19,OPEN,1584832297000
103,103,dublin,GRANGEGORMAN LOWER (SOUTH),Grangegorman Lower (South),"{'lat': 53.354663, 'lng': -6.278681}",False,False,40,26,14,OPEN,1584832384000
104,28,dublin,MOUNTJOY SQUARE WEST,Mountjoy Square West,"{'lat': 53.356299, 'lng': -6.258586}",False,False,30,5,25,OPEN,1584832648000
105,39,dublin,WILTON TERRACE,Wilton Terrace,"{'lat': 53.332383, 'lng': -6.252717}",True,False,20,14,6,OPEN,1584832450000
106,83,dublin,EMMET ROAD,Emmet Road,"{'lat': 53.340714, 'lng': -6.308191}",False,False,40,27,13,OPEN,1584832603000
107,92,dublin,HEUSTON BRIDGE (NORTH),Heuston Bridge (North),"{'lat': 53.347802, 'lng': -6.292432}",False,False,40,16,24,OPEN,1584832722000
108,21,dublin,LEINSTER STREET SOUTH,Leinster Street South,"{'lat': 53.34218, 'lng': -6.254485}",False,False,30,26,4,OPEN,1584832263000
109,88,dublin,BLACKHALL PLACE,Blackhall Place,"{'lat': 53.3488, 'lng': -6.281637}",False,False,30,18,12,OPEN,1584832379000
0,42,dublin,SMITHFIELD NORTH,Smithfield North,"{'lat': 53.349562, 'lng': -6.278198}",True,False,30,14,16,OPEN,1584832502000
1,30,dublin,PARNELL SQUARE NORTH,Parnell Square North,"{'lat': 53.353462, 'lng': -6.265305}",True,False,20,12,8,OPEN,1584832892000
2,54,dublin,CLONMEL STREET,Clonmel Street,"{'lat': 53.336021, 'lng': -6.26298}",False,False,33,27,6,OPEN,1584832479000
3,108,dublin,AVONDALE ROAD,Avondale Road,"{'lat': 53.359405, 'lng': -6.276142}",False,False,40,19,21,OPEN,1584832504000
4,56,dublin,MOUNT STREET LOWER,Mount Street Lower,"{'lat': 53.33796, 'lng': -6.24153}",False,False,40,22,18,OPEN,1584832697000
5,6,dublin,CHRISTCHURCH PLACE,Christchurch Place,"{'lat': 53.343368, 'lng': -6.27012}",False,False,20,17,3,OPEN,1584832467000
6,18,dublin,GRANTHAM STREET,Grantham Street,"{'lat': 53.334123, 'lng': -6.265436}",True,False,30,19,11,OPEN,1584832827000
7,32,dublin,PEARSE STREET,Pearse Street,"{'lat': 53.344304, 'lng': -6.250427}",True,False,30,21,9,OPEN,1584832902000
8,52,dublin,YORK STREET EAST,York Street East,"{'lat': 53.338755, 'lng': -6.262003}",False,False,32,27,5,OPEN,1584832481000
9,48,dublin,EXCISE WALK,Excise Walk,"{'lat': 53.347777, 'lng': -6.244239}",False,False,40,23,17,OPEN,1584832686000
10,13,dublin,FITZWILLIAM SQUARE WEST,Fitzwilliam Square West,"{'lat': 53.336073999999996, 'lng': -6.252825}",False,False,30,23,7,OPEN,1584832332000
11,43,dublin,PORTOBELLO ROAD,Portobello Road,"{'lat': 53.330091, 'lng': -6.268044}",True,False,30,16,14,OPEN,1584832319000
12,81,dublin,ST. JAMES HOSPITAL (CENTRAL),St. James Hospital (Central),"{'lat': 53.339983, 'lng': -6.295594}",False,False,40,18,22,OPEN,1584832381000
13,31,dublin,PARNELL STREET,Parnell Street,"{'lat': 53.350929, 'lng': -6.265125}",False,False,20,17,3,OPEN,1584832909000
14,98,dublin,FREDERICK STREET SOUTH,Frederick Street South,"{'lat': 53.341515, 'lng': -6.2568529999999996}",True,False,40,31,9,OPEN,1584832595000
15,23,dublin,CUSTOM HOUSE,Custom House,"{'lat': 53.348279, 'lng': -6.254662}",True,False,30,28,2,OPEN,1584832751000
16,106,dublin,RATHDOWN ROAD,Rathdown Road,"{'lat': 53.35893, 'lng': -6.280337}",False,False,40,25,15,OPEN,1584832344000
17,112,dublin,NORTH CIRCULAR ROAD (O'CONNELL'S),North Circular Road (O'Connell's),"{'lat': 53.357841, 'lng': -6.251557}",False,False,30,0,30,OPEN,1584832840000
18,68,dublin,HANOVER QUAY,Hanover Quay,"{'lat': 53.344115, 'lng': -6.237153}",True,False,40,21,19,OPEN,1584832537000
19,74,dublin,OLIVER BOND STREET,Oliver Bond Street,"{'lat': 53.343893, 'lng': -6.280531}",False,False,30,7,23,OPEN,1584832902000
20,87,dublin,COLLINS BARRACKS MUSEUM,Collins Barracks Museum,"{'lat': 53.347477, 'lng': -6.28525}",True,False,38,22,16,OPEN,1584832512000
21,84,dublin,BROOKFIELD ROAD,Brookfield Road,"{'lat': 53.339005, 'lng': -6.300217}",False,False,30,17,13,OPEN,1584832775000
22,90,dublin,BENSON STREET,Benson Street,"{'lat': 53.344153, 'lng': -6.233451}",False,False,40,36,4,OPEN,1584832706000
23,11,dublin,EARLSFORT TERRACE,Earlsfort Terrace,"{'lat': 53.334019, 'lng': -6.258371}",False,False,30,19,11,OPEN,1584832748000
24,17,dublin,GOLDEN LANE,Golden Lane,"{'lat': 53.340803, 'lng': -6.267732}",False,False,20,14,6,OPEN,1584832645000
25,45,dublin,DEVERELL PLACE,Deverell Place,"{'lat': 53.351464, 'lng': -6.255265}",False,False,30,21,9,OPEN,1584832641000
26,114,dublin,WILTON TERRACE (PARK),Wilton Terrace (Park),"{'lat': 53.333653, 'lng': -6.248345}",True,False,40,34,6,OPEN,1584832539000
27,72,dublin,JOHN STREET WEST,John Street West,"{'lat': 53.343105, 'lng': -6.277167}",False,False,31,16,15,OPEN,1584832674000
28,63,dublin,FENIAN STREET,Fenian Street,"{'lat': 53.341428, 'lng': -6.24672}",False,False,35,19,16,OPEN,1584832321000
29,113,dublin,MERRION SQUARE SOUTH,Merrion Square South,"{'lat': 53.338614, 'lng': -6.248606}",True,False,40,36,4,OPEN,1584832865000
30,91,dublin,SOUTH DOCK ROAD,South Dock Road,"{'lat': 53.341833, 'lng': -6.231291}",False,False,30,20,10,OPEN,1584832867000
31,99,dublin,CITY QUAY,City Quay,"{'lat': 53.346637, 'lng': -6.246154}",False,False,30,27,3,OPEN,1584832487000
32,9,dublin,EXCHEQUER STREET,Exchequer Street,"{'lat': 53.343034, 'lng': -6.263578}",False,False,24,16,8,OPEN,1584832419000
33,67,dublin,THE POINT,The Point,"{'lat': 53.346867, 'lng': -6.230852}",False,False,40,22,18,OPEN,1584832374000
34,116,dublin,BROADSTONE,Broadstone,"{'lat': 53.3547, 'lng': -6.272314}",True,False,30,20,10,OPEN,1584832620000
35,55,dublin,HATCH STREET,Hatch Street,"{'lat': 53.33403, 'lng': -6.260714}",False,False,36,33,3,OPEN,1584832725000
36,62,dublin,LIME STREET,Lime Street,"{'lat': 53.346026, 'lng': -6.243576}",False,False,40,35,5,OPEN,1584832420000
37,5,dublin,CHARLEMONT PLACE,Charlemont Street,"{'lat': 53.330662, 'lng': -6.260177}",False,False,40,21,19,OPEN,1584832892000
38,97,dublin,KILMAINHAM GAOL,Kilmainham Gaol,"{'lat': 53.342113, 'lng': -6.310015}",True,False,40,23,17,OPEN,1584832771000
39,61,dublin,HARDWICKE PLACE,Hardwicke Place,"{'lat': 53.357043, 'lng': -6.263232}",True,False,25,7,18,OPEN,1584832453000
40,77,dublin,WOLFE TONE STREET,Wolfe Tone Street,"{'lat': 53.348875, 'lng': -6.267459}",False,False,29,20,9,OPEN,1584832384000
41,73,dublin,FRANCIS STREET,Francis Street,"{'lat': 53.342081, 'lng': -6.275233}",False,False,30,9,21,OPEN,1584832750000
42,4,dublin,GREEK STREET,Greek Street,"{'lat': 53.346874, 'lng': -6.272976}",False,False,20,9,11,OPEN,1584832795000
43,49,dublin,GUILD STREET,Guild Street,"{'lat': 53.347932, 'lng': -6.240928}",False,False,40,39,1,OPEN,1584832470000
44,19,dublin,HERBERT PLACE,Herbert Place,"{'lat': 53.334432, 'lng': -6.245575}",False,False,30,16,14,OPEN,1584832681000
45,7,dublin,HIGH STREET,High Street,"{'lat': 53.343565, 'lng': -6.275071}",True,False,29,2,27,OPEN,1584832845000
46,102,dublin,WESTERN WAY,Western Way,"{'lat': 53.354929, 'lng': -6.269425}",False,False,40,28,12,OPEN,1584832769000
47,38,dublin,TALBOT STREET,Talbot Street,"{'lat': 53.350974, 'lng': -6.25294}",False,False,40,18,22,OPEN,1584832903000
48,53,dublin,NEWMAN HOUSE,Newman House,"{'lat': 53.337132, 'lng': -6.26059}",False,False,40,33,7,OPEN,1584832571000
49,58,dublin,SIR PATRICK DUN'S,Sir Patrick's Dun,"{'lat': 53.339218, 'lng': -6.240642}",True,False,40,27,13,OPEN,1584832365000
50,66,dublin,NEW CENTRAL BANK,New Central Bank,"{'lat': 53.347122, 'lng': -6.234749}",False,False,40,32,8,OPEN,1584832549000
51,104,dublin,GRANGEGORMAN LOWER (CENTRAL),Grangegorman Lower (Central),"{'lat': 53.355173, 'lng': -6.278424}",True,False,40,35,5,OPEN,1584832865000
52,101,dublin,KING STREET NORTH,King Street North,"{'lat': 53.350291, 'lng': -6.273507}",False,False,30,20,10,OPEN,1584832357000
53,115,dublin,KILLARNEY STREET,Killarney Street,"{'lat': 53.354845, 'lng': -6.247579}",False,False,30,10,20,OPEN,1584832693000
54,47,dublin,HERBERT STREET,Herbert Street,"{'lat': 53.335742, 'lng': -6.24551}",False,False,40,34,6,OPEN,1584832737000
55,117,dublin,HANOVER QUAY EAST,Hanover Quay East,"{'lat': 53.343653, 'lng': -6.231755}",False,False,40,30,10,OPEN,1584832603000
56,8,dublin,CUSTOM HOUSE QUAY,Custom House Quay,"{'lat': 53.347884, 'lng': -6.248048}",False,False,30,25,5,OPEN,1584832765000
57,27,dublin,MOLESWORTH STREET,Molesworth Street,"{'lat': 53.341288, 'lng': -6.258117}",False,False,20,10,10,OPEN,1584832902000
58,16,dublin,GEORGES QUAY,Georges Quay,"{'lat': 53.347508, 'lng': -6.252192}",False,False,20,18,2,OPEN,1584832549000
59,96,dublin,KILMAINHAM LANE,Kilmainham Lane,"{'lat': 53.341805, 'lng': -6.305085}",False,False,30,6,24,OPEN,1584832401000
60,82,dublin,MOUNT BROWN,Mount Brown,"{'lat': 53.341645, 'lng': -6.29719}",False,False,22,9,13,OPEN,1584832608000
61,76,dublin,MARKET STREET SOUTH,Market Street South,"{'lat': 53.342296, 'lng': -6.287661}",False,False,38,19,19,OPEN,1584832374000
62,71,dublin,KEVIN STREET,Kevin Street,"{'lat': 53.337757, 'lng': -6.267699}",True,False,40,22,18,OPEN,1584832356000
63,79,dublin,ECCLES STREET EAST,Eccles Street East,"{'lat': 53.358115, 'lng': -6.265601}",False,False,27,13,14,OPEN,1584832888000
64,69,dublin,GRAND CANAL DOCK,Grand Canal Dock,"{'lat': 53.342638, 'lng': -6.238695}",False,False,40,24,16,OPEN,1584832814000
65,25,dublin,MERRION SQUARE EAST,Merrion Square East,"{'lat': 53.339434, 'lng': -6.246548}",False,False,30,23,7,OPEN,1584832623000
66,51,dublin,YORK STREET WEST,York Street West,"{'lat': 53.339334, 'lng': -6.264699}",False,False,40,33,7,OPEN,1584832513000
67,37,dublin,ST. STEPHEN'S GREEN SOUTH,St. Stephen's Green South,"{'lat': 53.337494, 'lng': -6.26199}",True,False,30,19,11,OPEN,1584832771000
68,59,dublin,DENMARK STREET GREAT,Denmark Street Great,"{'lat': 53.35561, 'lng': -6.261397}",False,False,20,15,5,OPEN,1584832615000
69,95,dublin,ROYAL HOSPITAL,Royal Hospital,"{'lat': 53.343897, 'lng': -6.29706}",True,False,40,12,28,OPEN,1584832627000
70,94,dublin,HEUSTON STATION (CAR PARK),Heuston Station (Car Park),"{'lat': 53.346985, 'lng': -6.297804}",False,False,40,19,21,OPEN,1584832655000
71,105,dublin,GRANGEGORMAN LOWER (NORTH),Grangegorman Lower (North),"{'lat': 53.355954, 'lng': -6.278378}",False,False,36,29,7,OPEN,1584832585000
72,36,dublin,ST. STEPHEN'S GREEN EAST,St. Stephen's Green East,"{'lat': 53.337824, 'lng': -6.256035}",True,False,40,26,14,OPEN,1584832647000
73,93,dublin,HEUSTON STATION (CENTRAL),Heuston Station (Central),"{'lat': 53.346603, 'lng': -6.296924}",False,False,40,26,14,OPEN,1584832430000
74,22,dublin,TOWNSEND STREET,Townsend Street,"{'lat': 53.345922, 'lng': -6.254614}",False,False,20,11,9,OPEN,1584832518000
75,50,dublin,GEORGES LANE,George's Lane,"{'lat': 53.35023, 'lng': -6.279696}",False,False,40,20,20,OPEN,1584832898000
76,110,dublin,PHIBSBOROUGH ROAD,Phibsborough Road,"{'lat': 53.356307, 'lng': -6.2737169999999995}",False,False,40,33,7,OPEN,1584832421000
77,12,dublin,ECCLES STREET,Eccles Street,"{'lat': 53.359246, 'lng': -6.269779}",False,False,20,6,14,OPEN,1584832754000
78,34,dublin,PORTOBELLO HARBOUR,Portobello Harbour,"{'lat': 53.330362, 'lng': -6.265163}",False,False,30,10,20,OPEN,1584832669000
79,78,dublin,MATER HOSPITAL,Mater Hospital,"{'lat': 53.359967, 'lng': -6.264828}",False,False,40,4,36,OPEN,1584832335000
80,2,dublin,BLESSINGTON STREET,Blessington Street,"{'lat': 53.356769, 'lng': -6.26814}",True,False,20,10,10,OPEN,1584832643000
81,75,dublin,JAMES STREET,James Street,"{'lat': 53.343456, 'lng': -6.287409}",True,False,40,22,18,OPEN,1584832359000
82,111,dublin,MOUNTJOY SQUARE EAST,Mountjoy Square East,"{'lat': 53.356717, 'lng': -6.256359}",True,False,40,10,30,OPEN,1584832901000
83,26,dublin,MERRION SQUARE WEST,Merrion Square West,"{'lat': 53.339764, 'lng': -6.251988}",True,False,20,13,7,OPEN,1584832368000
84,65,dublin,CONVENTION CENTRE,Convention Centre,"{'lat': 53.34744, 'lng': -6.238523}",True,False,40,29,11,OPEN,1584832692000
85,15,dublin,HARDWICKE STREET,Hardwicke Street,"{'lat': 53.355473, 'lng': -6.264423}",False,False,16,7,9,OPEN,1584832685000
86,86,dublin,PARKGATE STREET,Parkgate Street,"{'lat': 53.347972, 'lng': -6.291804}",True,False,38,33,5,OPEN,1584832438000
87,10,dublin,DAME STREET,Dame Street,"{'lat': 53.344007, 'lng': -6.266802}",True,False,16,2,14,OPEN,1584832779000
88,100,dublin,HEUSTON BRIDGE (SOUTH),Heuston Bridge (South),"{'lat': 53.347106, 'lng': -6.292041}",False,False,25,9,16,OPEN,1584832853000
89,24,dublin,CATHAL BRUGHA STREET,Cathal Brugha Street,"{'lat': 53.352149, 'lng': -6.260533}",False,False,20,17,3,OPEN,1584832623000
90,64,dublin,SANDWITH STREET,Sandwith Street,"{'lat': 53.345203, 'lng': -6.247163}",True,False,40,27,13,OPEN,1584832679000
91,109,dublin,BUCKINGHAM STREET LOWER,Buckingham Street Lower,"{'lat': 53.353331, 'lng': -6.249319}",False,False,29,22,7,OPEN,1584832343000
92,85,dublin,ROTHE ABBEY,Rothe Abbey,"{'lat': 53.338776, 'lng': -6.30395}",True,False,35,8,27,OPEN,1584832828000
93,107,dublin,CHARLEVILLE ROAD,Charleville Road,"{'lat': 53.359157, 'lng': -6.281866}",True,False,40,19,21,OPEN,1584832777000
94,33,dublin,PRINCES STREET / O'CONNELL STREET,Princes Street / O'Connell Street,"{'lat': 53.349013, 'lng': -6.260311}",True,False,23,12,11,OPEN,1584832518000
95,44,dublin,UPPER SHERRARD STREET,Upper Sherrard Street,"{'lat': 53.358437, 'lng': -6.260641}",False,False,30,14,16,OPEN,1584832926000
96,89,dublin,FITZWILLIAM SQUARE EAST,Fitzwilliam Square East,"{'lat': 53.335211, 'lng': -6.2509}",True,False,40,30,10,OPEN,1584832411000
97,57,dublin,GRATTAN STREET,Grattan Street,"{'lat': 53.339629, 'lng': -6.243778}",False,False,23,17,6,OPEN,1584832468000
98,80,dublin,ST JAMES HOSPITAL (LUAS),St James Hospital (Luas),"{'lat': 53.341359, 'lng': -6.292951}",False,False,40,29,11,OPEN,1584832404000
99,41,dublin,HARCOURT TERRACE,Harcourt Terrace,"{'lat': 53.332763, 'lng': -6.257942}",False,False,20,11,9,OPEN,1584832466000
100,3,dublin,BOLTON STREET,Bolton Street,"{'lat': 53.351182, 'lng': -6.269859}",False,False,20,20,0,OPEN,1584832743000
101,40,dublin,JERVIS STREET,Jervis Street,"{'lat': 53.3483, 'lng': -6.2666509999999995}",True,False,21,18,3,OPEN,1584832745000
102,29,dublin,ORMOND QUAY UPPER,Ormond Quay Upper,"{'lat': 53.346057, 'lng': -6.268001}",True,False,29,10,19,OPEN,1584832905000
103,103,dublin,GRANGEGORMAN LOWER (SOUTH),Grangegorman Lower (South),"{'lat': 53.354663, 'lng': -6.278681}",False,False,40,26,14,OPEN,1584832384000
104,28,dublin,MOUNTJOY SQUARE WEST,Mountjoy Square West,"{'lat': 53.356299, 'lng': -6.258586}",False,False,30,5,25,OPEN,1584832648000
105,39,dublin,WILTON TERRACE,Wilton Terrace,"{'lat': 53.332383, 'lng': -6.252717}",True,False,20,14,6,OPEN,1584832450000
106,83,dublin,EMMET ROAD,Emmet Road,"{'lat': 53.340714, 'lng': -6.308191}",False,False,40,27,13,OPEN,1584832603000
107,92,dublin,HEUSTON BRIDGE (NORTH),Heuston Bridge (North),"{'lat': 53.347802, 'lng': -6.292432}",False,False,40,16,24,OPEN,1584832722000
108,21,dublin,LEINSTER STREET SOUTH,Leinster Street South,"{'lat': 53.34218, 'lng': -6.254485}",False,False,30,26,4,OPEN,1584832870000
109,88,dublin,BLACKHALL PLACE,Blackhall Place,"{'lat': 53.3488, 'lng': -6.281637}",False,False,30,18,12,OPEN,1584832379000
